-- 插入管理员数据
LOCK TABLES `admins` WRITE;
INSERT IGNORE INTO `admins` (`id`, `created_at`, `password`, `username`) VALUES
('1744140644987241f85fdcf8e44a2adb', 1744140644987, '$2a$10$cpQEKIP4QM65T5EmYt2NjuLkUF9L9kkLszfSuWkKGSZH0995xcUDu', 'admin123');
UNLOCK TABLES;

-- 插入用户数据
LOCK TABLES `users` WRITE;
INSERT INTO `users` VALUES
('4fe6083a-8031-49f5-8a07-ac26aeb8f701',1744141599420,'$2a$10$FBCAwmrulX23PDNDofQRCOkV1bBOXNIXVBQYxnmf1BJ6mxJG2vjl6','cheng',NULL,NULL,NULL),
('941082d8-7f1d-4994-80c3-b7c43e129420',1744201286462,'$2a$10$oVzLGNK5LBFQ2BkGCm3JuuMoOcf2uyrN2pnnngjitducOY75WLvti','test123',NULL, 0, NULL),
('1744140644987241f85fdcf8e44a2adb', 1744140644987, '$2a$10$cpQEKIP4QM65T5EmYt2NjuLkUF9L9kkLszfSuWkKGSZH0995xcUDu', 'user123', NULL, 0, 0);

/*!40000 ALTER TABLE `users` ENABLE KEYS */;
UNLOCK TABLES;

-- 插入自习室数据
LOCK TABLES `study_rooms` WRITE;
/*!40000 ALTER TABLE `study_rooms` DISABLE KEYS */;
INSERT INTO `study_rooms` VALUES
('01d2e4c9c8d34ddfa4e19b074ad5f696',10,'22:00',1744140569648,'这是一个自习室','/uploads/study-rooms/1599a139-ffce-4eb5-8b12-deba4238a2a7_90.png','图书馆A区',NULL,'一号自习室','08:00','AVAILABLE'),
('31fb32b9cd194640984e50695c880fbd',5,'22:00',1744140998136,'这是一个自习室','/uploads/study-rooms/89f43433-e860-4535-a884-c43b4d9fc6a8_1538.jpg_wh860.png','图书馆B区',NULL,'二号自习室','08:00','AVAILABLE');
/*!40000 ALTER TABLE `study_rooms` ENABLE KEYS */;
UNLOCK TABLES;

-- 插入座位数据
LOCK TABLES `seats` WRITE;
/*!40000 ALTER TABLE `seats` DISABLE KEYS */;
INSERT INTO `seats` VALUES
('02ab90a217bb4cefb6003cc1b5be3c56',1744140569658,'002','AVAILABLE','01d2e4c9c8d34ddfa4e19b074ad5f696'),
('2440f6a0b02346248460bad31c46ba40',1744140998137,'002','AVAILABLE','31fb32b9cd194640984e50695c880fbd'),
('253a3e8659cc49bbbdf527f51a4b4eb3',1744140998137,'004','AVAILABLE','31fb32b9cd194640984e50695c880fbd'),
('2c4808495a1b4b5ca7952d69911e4f8f',1744140569658,'007','AVAILABLE','01d2e4c9c8d34ddfa4e19b074ad5f696'),
('42ac89f7675c4e4890da6dd7993f7f3b',1744140998137,'005','AVAILABLE','31fb32b9cd194640984e50695c880fbd'),
('4b4e2cb113a3425aa122c1cfeaf64990',1744140569658,'006','AVAILABLE','01d2e4c9c8d34ddfa4e19b074ad5f696'),
('5cd228e57c454ced8858e50c06cbefd5',1744140569658,'004','AVAILABLE','01d2e4c9c8d34ddfa4e19b074ad5f696'),
('6220a6a62256455b9fdb410e3ba0f7dd',1744140998137,'001','AVAILABLE','31fb32b9cd194640984e50695c880fbd'),
('6fac481cdb634267a5051dc42e90f7f0',1744140569659,'010','AVAILABLE','01d2e4c9c8d34ddfa4e19b074ad5f696'),
('7f76fb9fa8114b9fb271757882c726a2',1744140569659,'009','AVAILABLE','01d2e4c9c8d34ddfa4e19b074ad5f696'),
('9477953e372a47ecba78cf4255c3537b',1744140569658,'003','AVAILABLE','01d2e4c9c8d34ddfa4e19b074ad5f696'),
('a7b94808cf894ff58bce82132d1b874e',1744140569658,'005','UNAVAILABLE','01d2e4c9c8d34ddfa4e19b074ad5f696'),
('da01b3bde51848ad93bf77eb3a680003',1744140569657,'001','AVAILABLE','01d2e4c9c8d34ddfa4e19b074ad5f696'),
('f174ae1172544c46b817ca82aaf9a140',1744140569659,'008','AVAILABLE','01d2e4c9c8d34ddfa4e19b074ad5f696'),
('f91f559008c8443a89bc7a47d14771fd',1744140998137,'003','AVAILABLE','31fb32b9cd194640984e50695c880fbd');
/*!40000 ALTER TABLE `seats` ENABLE KEYS */;
UNLOCK TABLES;

-- 插入预约数据
LOCK TABLES `reservations` WRITE;
/*!40000 ALTER TABLE `reservations` DISABLE KEYS */;
INSERT INTO `reservations` VALUES
('1744145823624faf5861b8ea348b7b2a','2025-04-08 20:57:03.625056','2025-04-09','10:00:00.000000',NULL,'da01b3bde51848ad93bf77eb3a680003','08:00:00.000000','CONFIRMED','01d2e4c9c8d34ddfa4e19b074ad5f696','2025-04-08 20:57:03.625075','4fe6083a-8031-49f5-8a07-ac26aeb8f701',NULL,NULL,'2025-04-09','1744140644987241f85fdcf8e44a2adb',''),
('17441458406445e4601b81056410f91a','2025-04-08 20:57:20.644617','2025-04-09','10:00:00.000000',NULL,'6220a6a62256455b9fdb410e3ba0f7dd','08:00:00.000000','CONFIRMED','31fb32b9cd194640984e50695c880fbd','2025-04-08 20:57:20.644626','4fe6083a-8031-49f5-8a07-ac26aeb8f701',NULL,NULL,'2025-04-09','1744140644987241f85fdcf8e44a2adb',''),
('17441458434029cf6f85a460a4b85b5b','2025-04-08 20:57:23.402108','2025-04-09','10:00:00.000000',NULL,'02ab90a217bb4cefb6003cc1b5be3c56','08:00:00.000000','CONFIRMED','01d2e4c9c8d34ddfa4e19b074ad5f696','2025-04-08 20:57:23.402117','4fe6083a-8031-49f5-8a07-ac26aeb8f701',NULL,NULL,'2025-04-09','1744140644987241f85fdcf8e44a2adb',''),
('17441985503709b850d066b3047a5b1d','2025-04-09 11:35:50.370330','2025-04-10','10:00:00.000000',NULL,'da01b3bde51848ad93bf77eb3a680003','08:00:00.000000','CONFIRMED','01d2e4c9c8d34ddfa4e19b074ad5f696','2025-04-09 11:35:50.370351','4fe6083a-8031-49f5-8a07-ac26aeb8f701',NULL,NULL,'2025-04-09','1744140644987241f85fdcf8e44a2adb',''),
('174420129962563fbc35341bb4edba16','2025-04-09 12:21:39.625170','2025-04-09','22:00:00.000000',NULL,'da01b3bde51848ad93bf77eb3a680003','21:00:00.000000','CANCELLED','01d2e4c9c8d34ddfa4e19b074ad5f696','2025-04-09 12:21:39.625175','941082d8-7f1d-4994-80c3-b7c43e129420',NULL,NULL,NULL,NULL,NULL),
('17442013514774c166b2b029d4d64bdb','2025-04-09 12:22:31.478011','2025-04-09','22:00:00.000000',NULL,'da01b3bde51848ad93bf77eb3a680003','21:00:00.000000','CHECKED_IN','01d2e4c9c8d34ddfa4e19b074ad5f696','2025-04-09 12:22:31.478016','941082d8-7f1d-4994-80c3-b7c43e129420',NULL,NULL,NULL,NULL,NULL),
('1744211335583e00510401a9547a6b67','2025-04-09 15:08:55.583627','2025-04-10','10:00:00.000000',NULL,'da01b3bde51848ad93bf77eb3a680003','08:00:00.000000','CONFIRMED','01d2e4c9c8d34ddfa4e19b074ad5f696','2025-04-09 15:08:55.583632','941082d8-7f1d-4994-80c3-b7c43e129420',NULL,NULL,NULL,NULL,NULL),
('1744213372729e9d775b681e84f9fa8c','2025-04-09 15:42:52.729658','2025-04-10','10:00:00.000000',NULL,'02ab90a217bb4cefb6003cc1b5be3c56','08:00:00.000000','CONFIRMED','01d2e4c9c8d34ddfa4e19b074ad5f696','2025-04-09 15:42:52.729682','4fe6083a-8031-49f5-8a07-ac26aeb8f701',NULL,NULL,NULL,NULL,NULL),
('17442135819625eda33d228194b4e97d','2025-04-09 15:46:21.962595','2025-04-10','12:00:00.000000',NULL,'da01b3bde51848ad93bf77eb3a680003','11:00:00.000000','CONFIRMED','01d2e4c9c8d34ddfa4e19b074ad5f696','2025-04-09 15:46:21.962625','941082d8-7f1d-4994-80c3-b7c43e129420',NULL,NULL,NULL,NULL,NULL);
/*!40000 ALTER TABLE `reservations` ENABLE KEYS */;
UNLOCK TABLES;